t27d624ylIdxcc4gjtgJbw,1,0
O-CB223eMBE0nC_LT2a0SQ,Relax1,0
nJYGKwT6Aq7hPdK2Xm_d5A,KritikerK,0
rQa_kf3mpEeNnvJ3zSqvxA,christianlo,0
7fSWMN8xeq30V6c6Zv_7AA,plowi,0
da-cdsN7ASdYG4x3_hSRRA,saniofbr,0
W86n3PVRNkHvdqwO2U_cOA,le,0
UxWotknrovNQ5MyznplZAg,PinotNoi,0
QzQaRxnM9Y9a2GvcwFvroQ,Sideshow,0
ede6ddZnQJCmvWJ7oMkB3A,thunde,0
LCrv7Oc5rYNa4o1Rnes_TA,dipte,0
_r7_WoJsyXbLKvpavzwchw,hansimglu,0
hQHrDbXPVBUyrC9iWgj2hQ,anmelde,0
b0S6GPCVwTbE_2k-EHzUSA,flowf,0
5W-ieC1eNnXp7wQnt-O-pg,rummsmum,0
rheNlMnUHiJQysTSQqeapw,die_testerin3,0
oiXpM84n-YuTL3kHU6NRsQ,cha,0
wsaJPe4ABtrbu1c1DqsrgQ,NetterG,0
001hGTbZBshxc4y7rokYpA,kapal,0
gdl-8QW1m55nGsWdnQx8gw,frank,0
SpslEASNNrFtWn8S-Bl3Vg,martinmariensc,0
yANpNKq-HnigX76TtMvq0A,renek,0
4a4VFWpcven9A2ElSgB5Nw,SAW,0
3BvlKtb1gRPRiDRI3LpiMQ,maetsc,0
tijBigvHMvpc4AFa4Ehl6A,Le_Gourm,0
mciq_2OSm3obSsV0ToDFng,gwio,0
kBWuHlBixwoBWLwrVTO-qQ,loti,0
87SkRSu4r9EEtL6oyfcD2Q,jo,0
jWrNDuLofkdEoXX9R0IqJw,Johann,0
f6C82VtCqWfqWsARDl6mhQ,Betty,0
z8YvXbu0c3fFeVBeoDPdKA,mazz,0
WpwxgQL70Qwc-XXyZ38uQQ,Rezit,0
XJGcUBxj1fe8aL9wKsg5Ww,mar,0
9dd4ttg51ajdvJ1Qs_gPZA,laemmc,0
DKfQRfQzn3CwjSf_FfyUog,isveika,0
Q8LRQENO5cUnCPNQPmdZtw,okta_,0
LmjFxH6TYa7jt5apuWPZXg,h,0
-arJ-0bq2eycINnHrm0LFA,Schweinefe,0
moCJc4y-HOe71qp1i9VnmQ,kingl,0
OALSvkH8e2InzZKLTT4twg,smart,0
fsQ0ZRTFAu7S1DzuSltJtQ,Armadi,0
bhrh6Z03sas3osDNIOIqjg,Mof,0
GZoSaa5Tw1aNd-hwZDSsgw,marcne,0
kdkChb_R2P4cueKm6Lvziw,ufo6,0
bxDU64wEYiDSzu-bMXVS9g,Peppi,0
SBuSYFcTycaQHYBjdRmh4w,michael1,0
5jVvxJAOSv6hlVcDwHwHPw,HappyH,0
Q96qAcdbPUKMMZ_V6JiUdw,EuroRa,0
K7QyTbPsly5a5m6ILo96eg,desi,0
V_4RcFfJOudHSuqW5gFiUA,ichouz,0
Zr5Sq7dY4GUTROHWZn2wzQ,Grg_Haz,0
d110oa9YDqM4tCaWNKM3fw,blueto,0
roNVTJbmJoVbukvCdFtimw,NellyRub,0
qJIddHSSNAoIkfPJFJjMuw,Jürg,0
SvDcSkBad5y-ptdCd7pDGA,pcdoc,0
jMQU9v4P1VLV_llILgqilw,Individualist0,0
560KUuFwZVeIdCWiLsrgOg,bern,0
JuYC-V66lWvmVxj87trSDw,loupga,0
P1HdOMkVrc3YpEgNxUZNtA,Tee,0
Oy4SbP0IytWn1MoziUjgnQ,Kalbsbr,0
krrQjdFpd5SBukuA0TMokg,MCM1,0
p0GqHf8fdZDIsNfwx7XyFg,Gracel,0
MYA10ycRfIP23k5gtPZVEg,myxococ,0
tM-LuoQZFvLw8_pRo5qDcA,par,0
HSe1pLJu750DyG6ZcvsRYA,DieSi,0
fZL2yhT1pgb7FxLHd-kztQ,Maltese,0
aU34zUeSXVrvebMRkreg4w,Ro,0
F4CcgdflZCkR1_DBemcgWw,Gonelo,0
UuhTloVwnQSBJv85a7VHyQ,Molly,0
VyEJ7rhYDV76FTg9hSbqMA,Sve,0
D2IwkI54cvAf7_M-yM9aJw,1987-Experien,0
sAwlVmSQ1pz01KttY13u8w,elef,0
kKXjr2cCjPMQoX0OiB6XRA,KamikazeK,0
IwWNnGeUT7Jf-OA3VeVbhQ,mathilda2,0
ewHmBZ2jkAsFoNrLxm_DUQ,6Kras,0
NKHLu_9OLCTkdVawP9-UfQ,fr,0
sL5g-WhKP7uEuy3HLULRIg,Genu,0
XEqtnd_dF73ZTaNKwhaQ2A,unixtip,0
33BMI1wLLiY4JlKBp07rSA,florsec,0
iCcPHF8NuEcBY_Zdw58nlg,Gu,0
o3Yu7hw_46k1u9_sL8keHQ,scho,0
dHRhJmQ65hHWCRWWPtA0NA,Warscha,0
7P65Z3vbZ18ElAJ0O3qyQA,fli,0
wwERlqLx9mtuQ-I9Lb-iFQ,icec,0
KNH7a_U96xivV7Vvno_aYw,Romm,0
0GGQ7fhKr1Hy536gBN1Zcg,gelbzu,0
HuQ5Lo2V2rN1Z_4cMJQZxg,wismutkumpel,0
1iUQUnkzHGjiWQGNdIO38g,heidban,0
umIALPjPb-WiNNyAEBmdNg,JörgKlin,0
aig2PN5rLezxizp3-RIDOA,mat,0
0I2IhU7aZASeDZtjJhidDw,paut,0
0iovwO1ix4PEt65XbrPuAw,afuech,0
5vjzVeQ3TflDJh51JD-cpw,Pete,0
xWV5ZjQeildRXloUnBZawg,ichwillssc,0
8N8t7JtHhBQJMXGisu8o1w,Fi,0
_YTsF5LF3zUEoN1KFHYy0w,manum,0
WaiWJcTfWVazXUrgU1-TIg,Mas,0
7mG8YrifEDEFjQii9wmppg,mina_n,0
PwHaBohH94Nr9tquA6DZJw,smirnof,0
YTvlj6fMOl92gIwcK7_x3g,cleve,0
vEOVzOngkLIoCLNqGkUspQ,axelha,0
9IXj1-WC0u5AJejxbJ98mA,Chh,0
GzLCOPTgxx_mfONqK_PBwQ,FireHors,0
XE1HLdfOO0xuINYv6qZ0JA,Angel,0
33Fk9IBlFhbDzk8Ct8_XPg,thos,0
EOZjLoxlCoNCcnreCa6bjw,angelikalatt,0
quhg9OGmLLpHY_94obeQ9g,vernicat,0
5oTDCdq7z_xrRca26fa0mw,rayxe,0
1QLN5eHFw5nXeywZscgmPQ,jp,0
rQyPlpeHHaYdagrp1J8tgg,falke262,0
Yf2t36x-1bc29QHNMz7NnA,deek,0
LzA8xWTg2-GlWdeRDM7dKA,Syntron,0
6fi1B7Q7OM0C7erooUgsJg,Lup,0
DdrUgI5kERiU1ibwl381vQ,_tee,0
iKxZWe7D2Kte_xVIoKZ3Hw,salvado,0
MOBhpiayoN-lqUgsjr_JZg,Bravo6,0
dCVf8MRjiRD-FPxyMyGDVg,pilh,0
tJNWeXjG8CcoS2JCAH1YGQ,groundtorp,0
wI_ya7qEBysxdMCpasJT4Q,lillymarlee,0
ulVxzlHtBvNu9HPkEpSh6Q,Mr,0
0mBdb10jnGT7nf5mtB6cig,Flying,0
ZKy9U01V5NDbUVxmsbpgaQ,georgb,0
iQXruR0XGsb3rkrHTTTKBA,Tavie,0
uZtSv8Rgi4-0BBvz4YbH9Q,d,0
vQdMPB6KeRAcvXdpQCgkvw,mfehlei,0
-lyoqQ69K6RWsZHstAoQ1A,,0
4Fh8AeAqzJJ73YKrDRES6A,mik,0
8hOUIW032qtv8cD4liIGJw,cmo,0
db7XLmDyQ1g5kTz3xQuA9g,ProperC,0
DPV6aZX2iNXsRZI3o6-Vrg,Prosecc,0
c5GLKNMOGX4t7RZK7hqKJg,NESENBACH-VETE,0
2Aq37UdbCQvcJcEbVlDKgw,Qualityisb,0
9Kyux3519iFRVV1Rieubbg,soldierm,0
2GSdAQKvwzPJqe166TdAyw,pe,0
pfU1yGuV5aCD6MkVTODKYg,man,0
F45RsKXvr8hwWVgZb8IiuA,BlnLi,0
fhlDsyIhOROvovmYDzl5Dg,Buongust,0
TPL0q2TOcZG4zM48DDdSqw,sannekle,0
178fJgjbXrNgU23CSl0muQ,,0
IIaidytR-QlDiVd0gTXZkQ,kaschperl,0
rRluXe4IiXt_B1qxs38yow,Ned-Fland,0
jeOYNzJBRNsUVMfxo6BOPg,abba1,0
zGGcgad2j_jFPSjLj-OB5w,Stugg,0
3vyhk67thp9GfG7xP9hrfQ,leckeress,0
cXW2RoMH5JBWnZ0_LRHWpQ,gourmegg,0
kiKOJsp1M9LSPWVY9T0KXQ,eskimofriend,0
bhJBPmafiGdbpwBXcLFzSw,MyBer,0
pcQmK9p8XsyVQwi5hZXcdw,trim,0
flkO6rV7dQMptAJGs9l0eA,qyp,0
9xhLlLiuwWbobQpy5q7yfg,takef,0
0QFRacYdFbTGsDK1w4eE1A,chaoticillus,0
Q-JqACgSbdNtpx2UNJO10Q,Del,0
Lox2PT6ZuWc1pth_WY2FXQ,muc4,0
damTYUzjgHqHHQSx3NUo7A,tomf,0
9DUWR-zK1ioq6lUBJvVFKg,jollyjoc,0
tlfJ20kY5cp8pMhlrk-yaQ,Psyc,0
2tlbXTjiC9XyYo14INNHbg,Ti,0
04EOMDCjYiD47BzZS2Oymw,Ke,0
aez9SrCcuzdIZKkd2hINXw,gisela2,0
dib3aExr0jCkY8GKrM581A,A,0
hPCrBkfaX4ZgqFsvDTv_tQ,manuel220,0
4h241rEcJ1lGVCcZUMV44g,hippo_ma,0
YO21CeHoX4zzTO4ZxUwyhA,u,0
OYR6RXpaSUpF5Qd3Huyfhg,hol,0
HPJ0yhq0xnrUl5CauF9kzw,Tapach,0
eC_cUTbsJr_WhXjWjEQPdA,pitzfisc,0
GZuBQoHtz39pIDsNh4EQXA,schnel,0
14SF63a5pRUzdJ6kdHRqnQ,shootingpan,0
T1fa_rqc0_EsUJ_EBrjOFQ,Monach,0
9vJ3xM4VYki0t6LArRQ7_g,ufl,0
r7-wGLdDXzdhs-ApLq1meg,Bernd_Bit,0
9WTQULo-NE6-ekOxMY6BBQ,iowonawo,0
ZZxNKyxbptsTsR8fracwmg,yi,0
lc7zYCBdb38gx6pTtIWgAg,nogge,0
ZhnLB0f5_Pld7XidWgKjgA,Kreuzberger_Wahlberli,0
wQtX_BM08ZrG5gv9xrgyJA,nanndini3,0
IaJqstqe6Y3rmKZNgIskig,PJeb,0
s3W8iOKx0fGFJQDKYn2B6Q,as,0
C_XsOoMb7uARwd_5GSgrww,gassenen,0
pZDxW4AiLYfJBI1CP9b49A,Jane_Elizab,0
SF2ITGOgiQYSqtPDWKcWIg,translato,0
xMAyw6HHfEzL4JmT3PDsIw,HamishDalz,0
OKZykL8vTGHX2cCs7jjijA,sepp,0
zCr4fK90H5229Qm3MccBXQ,Te,0
Y1EZfFc8ge_jJShEoG_brA,emily7,0
ZimSGCfRkkQzdVWCCkYafQ,Baghe,0
P83MyWrKN14uf4Vf4vhV0Q,Reof,0
_uDY9cffwIdb0XurmbuFgA,Schaupl,0
Ys2vTNEi87uw3gp-lZ7guA,danna,0
ycv6uRSioK77owEn2Pr_Mg,bluetooth,0
AaYjJByQ5rgY88f8CLQGvQ,myearthl,0
CEkdRplNwTCo0pvG2l1_wQ,carloscon,0
8G0bVSiIGYSgiz-69byxgg,balz,0
NPhQslIlLT08WH3OPOS2uw,andrej1,0
xdAzLsBgdIncyDZwSk6qHA,jonny1,0
j6teJt94LfqUrdqo3eFzaw,Wuppermusi,0
4vaE5BBM5sEhMEHEIN037w,Ge,0
45cX5IMuvv-rpCHiAMJ1dQ,Gau,0
q5_39xfFEi8cPN09ZALqgQ,ravmar,0
M492mUXwhtW-hU5ydHFFQQ,lizzielo,0
bVkNsrA6W0LwEIVIKhiV-w,barba,0
uYvnZQYAj_1egCvlyxW2Vw,y-l,0
TukSfoeR4ifV2Ax0M-JTMg,Greensho,0
-Dhxu5B36bkm65ciME0vxg,Limon-Du,0
Xxhno34vtn1AkcHRyjnxCQ,N4tur4l_b0rn_ch1,0
L1hg9TZ6ynL1h8buq0Fz3Q,Twinit,0
3cA18j0yN44Tgyn3mWEwIQ,Lomov,0
u257JSVBbw9n689ElMxWLA,madm,0
r9U8TWKsgCnnBnCg2tfCrw,Phoeb,0
KVAKzV5RTBS5ylnZTBHelw,Luzi,0
z7mhZEK1yNVyST1j-Lc6Fw,Sundayaftern,0
4qXfOd8KkpJG3ncGZKfQPQ,matthia,0
7xDD4L7IkBmvQWvlC03OKw,Wo,0
VesNvm0DK-sJtjtUGoDVYw,kattowg,0
05uRRDS6avhl1mr7Xp8v4w,No,0
nyS4ytyabuoh9x7NU_9U7Q,Solem,0
p_9jaZerO9kYDfNhRu5fJg,muminpa,0
G1zQ9kMY4ERnERKjgKHvXg,D1,0
e2VajGOj1Vf4874fwtOxjA,jobler,0
QUdU2Vkw_HSEiX9hNmbMVA,kadelb,0
isOhOqrzUMWcG7ozBwH8Sw,aalem,0
pd5wESpR6iRz3JVWtP3uEw,allMa,0
DNHLMZnczaDuMdeV344Llg,lotus_n,0
q5j-Fxnk1I5vsrvQlgt5Og,leipzig,0
lBHeAWljCfq-ve8UHiDFIQ,Nanaza,0
2WmGb0fKKv7qV4msEpvHcw,enbren,0
cuuYf08Q8ilEeWXGkTEwyw,kesselper,0
ByBzuCn9cEUT1_aL8y_yQw,chox,0
jNMZRpEYhY5l3C-Aatro0Q,almig,0
DzY8LuJwTl60-JHfA2FxSA,wortklaube,0
Lo-AB6jockQ0jOzBP3aI3w,Kollwitzlou,0
Y994Ef_uewtCq6JiAbrmpA,sch,0
rGH5gVR_2TuuNja44sdXjA,johngreen1,0
9xAvzLcnptg2ZKWHB9bcJQ,Buer,0
TNfn7806ZRYN-zXTUCAJ4A,iMa,0
7cEi0HM5PYztpGTr0V6oIg,chao,0
W2A4vfTSYCgM8tLOq8PWGg,2,0
18hih-cf2-wf-3J8m30jOg,goldinug,0
8tw-mEtP3GVdydCO3-jJWw,silli2,0
IjT4ciA8_M1zhhUUuT0Xkg,Schlemmermatze2,0
AsTafO97fC-Aj2qo8jkrTg,loveth,0
4z1Q-CCSsXL4VXBYdBKpIQ,btoc,0
CCo5-BJKhIFxGLcOxCoFDg,Te,0
kRNRlF0n4uu4EtkQE7iWww,Word,0
ufGYLItGt5UMC0kaOA7Ilg,spanish,0
m4foweMT5w0Noo8-_QNinA,bernd,0
QezOXOAxnGdmSr5guAcAhw,tbohlen,0
kJqk_8Vd2YIszspM0ZxJ6g,Stroh,0
563O3hvzLJ1M1NkIH9NOyA,Portree_,0
GeAg30tAMt2GqiUpKrXI6g,wern,0
fwIAPv2k8R1I4Mm5obzP5g,Gunkl,0
SDuk5x0_-A_Cm7nXtWCo3w,Stuttgart,0
biYat_l8BQrbXr5g__itZQ,flatwh,0
e80XGQCitjqehoutvPrhXw,Collande2,0
hgf6FxbmLTXCc6uDU5yuWA,TubeScrea,0
8vL-RZ80MMpYCRPiy1ECpw,va,0
-G0sArycZyO_-AHlCPI4IQ,ab,0
6sqNlGcfvIx-v1Do6TMMTQ,da,0
zy_8flMm0vzVVTnlfWk4Mg,stef,0
eZBWsFWjw0NWyRQ-l2oKBQ,Affenpfle,0
bvIs8yo42eQRRyakQg8nNw,mandelbr,0
lX60ao-PCUFVR4-anSKsAw,dottoliv,0
Njp_E7CAYk-lpU2U_U6Rrw,,0
D8MgQg7LA9sQ-OUJXeFRGg,beawesomeinst,0
0xozhwBgwlh3AwJvZ1RYkQ,emmen,0
cgK_XFTkFFXVyILU_rCGRg,Skam,0
yksnPKxj5AAlGm3Kp0cv3w,Eiviss,0
9V7c3NYYEH686XcD1hfT5w,MB,0
OM_ITdfT1SYRkmNrOTCOpA,DerKäsrei,0
euCk76JWco3WRWdFcLvGcg,guided_wo,0
585WrQUWcY2m0jhCCNRHQA,kak,0
ZDscrfJllGKlYOfDfJtBkg,emw,0
1rrsliZrW8hCWN18hyJOPA,jakir,0
0zOibubGN-4v-v3p4VPNww,Stiefel,0
YGIGcFIovyjpM3v3yNVl3g,Flomina,0
Ss5FNwFEiXY1ujpK9O8TOA,giraffi,0
WU-Yev2GiHHZD0LvzhaArA,Do,0
E_ZQKCcnHVfkLSlA6xV9Rg,stuttgart_,0
bFPNqfhd4NVIPTw0bj5NjA,bbot_,0
1rWl3ktk5-dxMH7tWyJTAw,ralfbop,0
8MYC-vy_Re2kHhfd8RWM-A,Sweene,0
TsBtmMC0TBNymmhQSFcqtg,ka,0
HpiqsxsiFOm3P5aFneNq1A,cbrau,0
IystJxAWs0v07bD_hulH_A,bj,0
fk1a46PBskLHTmOVLjSmpw,magnu,0
7Ua5e6p_3SjMz0PVigvpUg,InfatuationJun,0
NO0Emyw_7D0vVXk9QSYFvw,Androia,0
XqZrVXbkRhaqNMsid7pOkQ,bone,0
RF4lY2hgjfLdORpxwjzVVQ,sn,0
H0LzieFFW50hujj2ESN6fg,Mikr,0
bzp8DfQP_MXjIfYKWFCSTQ,NiclasGrabow,0
5dPJeChKugxu2AIMHOXF1Q,traveller0,0
fnNog1o4zIi7ZiatPQ3_LQ,-Lavend,0
M9rYPlIQw7B_aE3j0aOH6A,bigb1,0
WWn5FT607Nz3TwsFHoHEpw,Lar,0
dCp8RVnFMkWiQ9SS0Gilbg,Moonbu,0
P6f0Mj_G_ZGCbVE-oCXf6Q,krefch,0
gytrX8-JUmGbtMI-AS1J8Q,antho,0
wKCvhDk0Z3sPD-9W4-mPOw,,0
iunZsC9T9s-FRu9xUDP1vg,l,0
J5g8z4ewfIUJxMwX7nOt6A,speshal,0
xt3J51npihmklr982LRjZg,schaefl,0
5-QL0ZRBAb3EwG9U7RgPrw,S,0
llCuvT0gLEH7Ry9UeoC2-g,tak,0
oGQqE_nM14i6fjDsJpOm2Q,lati,0
aM-KlRt5kQO9zmENB912Lw,fra,0
expWX76J2IOeOXeZPP3wIg,benr,0
oWaHZrGGYL7Wiu9CjIMbpA,e,0
3ikeEyK7GyV7lK4_5wepbg,magisupercompu,0
uMOp1-1GVkNdBFDrxEYF5A,polo-,0
jSRGcRVD2mT1kXFS93xP8g,dahokolom,0
0m-BGO3btOZZqHsZh8SwHQ,torstens_discov,0
TuEU75isK9FAlurJPN_D2g,cool-c,0
mDQJmMeZs19Z4UEX-ISR5w,manuelf,0
aXX01-sqQ4ft2CGJZB5GMQ,Anit,0
781QM0fHD2JaL30mKDH6cQ,stuggitow,0
kLFXvg-E-vlqKfeCunDSJw,mikg,0
GBpgiX5L-yc64upI6sBA1A,ghofm,0
WscfgNgfMbfsLKR4PgHKHQ,Frank,0
LVp5QyDRE_33JgrubPErig,Gl,0
ggmPNyEGhr3goS0_Z4wIxQ,Jennyl,0
TcQR34NZCf3_jGZqKMNZmA,GerneEs,0
XKKojAOA3udI7CnLunM0_g,typ4,0
gCTYV29n7eSlTG89j_iWgw,netterchec,0
-qXQyBGctAWrQvvh3nUEoA,Dottore,0
PB7slKjAPzinByzKZsCzxw,surfgu,0
0-6_GFe9ryo6LEVD2rBqjA,Gaumenschmeich,0
peJ40y9Mo9nS0gnX-0qnYA,Plainvani,0
fSOq-hFst8D7MBp187yGHQ,seat,0
o88W1M-jp5XhNjcv4THMLQ,Cele,0
Uxafhoa0tjCLrnGLEZu43Q,loo,0
uaGYz8GGxg_uVcFN5hCcqw,Tru,0
-QWZGdz3cpRx_Dg7OE1dmA,zenisc,0
4YyQd7AkVM41M0H8nM2LCg,Amazo,0
e3QjvzdsMaTRLZ9lVZYzeg,angelovassa,0
GMGZsk1dj043UI3zWgo3cw,volk,0
DXpGNKPcpf3xp0JxLwsyvw,T,0
d1Ok4U2r67hTseuaWj97-g,hub,0
A6jILLo-yIf7mXE-LPqTPQ,Powersli,0
6ua1_hOBh-ijIdGmLfgeRQ,salutli,0
ExN-SNnw4QL6G-CC24MV_Q,chkne,0
5WTIjzYM6w8zCJgt-MHQEQ,duedoche,0
VK7KCwnr2OLWIOG8qD0__g,maxreinh,0
_fyyoSyGIfm1xEDaxEYSyQ,mi-e,0
pgQIAF-VPgEvD42_rxbeZQ,Ale,0
s1VVhKWJtnAKEXnMPMmzUA,Kai,0
PQYxF-W1nWG9f3Lw4Sq3pw,Fastfood,0
AgDdJEsZr1w0tG1wBgZL2Q,fuss,0
7gNB7L3lzI4TTXFw6bZN_w,fallfromtr,0
Wf__Pvoq8PxpCGJZpuE0VQ,BardoNel,0
iUHFZx6sbUlx4yR7c80MEA,D,0
NnwUmm8E4RcVKRn6aIC09g,Steffl,0
XChYR38cvN-LILCBR7rTDw,Wolf4,0
5HlhwAOhHa984N3IZM80gQ,Innocent_,0
OWwqMNtflNn-MvVxZRwhWA,Gemob,0
DPPWoTohsY2Yw09TNJO1Iw,besseresser,0
9ujFhB5mRVjpAj1gwLqK1g,sa,0
oveENCt6LwcE0pva8xaCmA,tiesi2,0
JbCst5DGhgWiHuOkKlWujA,Claudi,0
S5Ui_Jvz8VdUCgpNfTf_XA,Andim,0
4-7PDVtheqMab1V7kKpeXg,h,0
CTdf--AsE75b0YU_HC_Fbg,scontrofront,0
AAlj6IB01VhrcZQo4sPaNg,Robert_1,0
GHmETrSFYyusTuFEfii1SA,Flam,0
Dky7Jw1fbTanh04CRTxCXw,Hamburg_ist_sc,0
D1wWaH6qq23Wtku7-7kUzg,kn,0
_vE3dk0MFn4KnunsqBAhvg,janiv,0
OZ479EIOySFVYVRUvQggZg,Chris,0
5r8FvVa5sajZ3zMdSl6RBQ,Oliv,0
4wqE8VTazLzCCcyCPNPdoA,schmä,0
1QfyrKLakfYauK9O5sGTow,Nightf,0
E7fOprbc3rHS1EshHNsW8A,nochmalt,0
6bRLM7AQ00Dy5r2adhv8pg,erik0,0
KHlh2XtCMH0kbt_q1LVHkA,Dacki1,0
i6r2LIUlxzd5bDJv0--x3Q,climbt,0
gp9Nh0wSEe9K1sMXkh66yw,param,0
ZM5GgXil1OlVhg2AHvK5bA,Ka,0
HkU7x4YFGBylGS8Ql3jl3A,dreamba,0
V-m2f7yhmf0FGSsxIJ7PFQ,Laabs,0
733uK_oXh1ubJtqy8AkQZg,stgd,0
ek4Y4NP72RSV6eW53CE8jw,Duke_of_Bl,0
LkMssiaR4dmYnCiKJ99N0Q,F,0
AG6T4qNBfIIhPsh3oa147Q,DJPreac,0
ZdMa8EjOkAFQGFJnqbQqKA,AlidaLu,0
1ZF-N4J6byjej5VKcC7ebg,surferski,0
H7HwmsZCsiUSQP4YPBAuSg,romulu,0
HiPnN42yb_yKqZLCEJmU4A,ary,0
NTNOAKzLlv7VxZRzDQU6TQ,gs,0
RqgRqnca1DYSCbioVgEtFQ,RestoSe,0
ebtXdi8nIu_kMv4QLzrfew,foxmcl,0
Jf1UtTzEQpfz_JuUvopwMg,thiemojan,0
bGDm9Xb722yTKqZ9Xy28sQ,weltch,0
gH_HBA2yuPJw9IhFBxNB5A,DagmarTillich-Schm,0
pD5zvv7MHUHRI_5J8XwwZg,Sternschnuppe1,0
I8ZeuyzRIXxLVGD2LyfObw,nutsi1,0
jfPNvxxDJv-JKQXinNrsSw,TheL,0
XEKxTc75Mg-X5s9bGZ9dHA,dottigr,0
WdUCApqsTs95GpZMxTpDiA,Sc,0
jLC1UbhG9ZX9-jTns79sTg,besuche,0
1uAw4BYNn4B2K5g7nAspGg,Photo,0
iBAaM6cwcrumGN3iT_xpgA,Stie,0
_01qbDe5-TDihdP8CSkFQQ,awoll,0
ByV7rVfkdTE7NvZr40S5lg,ants,0
tshzL00MNEq48DEaVmGcrA,sushifreunde2,0
jqiTL6c5sMdqrXpKDvidnQ,simonsch,0
mDHrVApEj1VFAS3GkP2QAQ,Pinselohräffc,0
gFG8CrvhBp2bLFo8uyoTDA,warf,0
0tWx39Z_3Y57z0lDoeJCIg,cook,0
LBgRI2kP1x9U1jZ0UQnLAQ,ta,0
cf94qyhou1xFcM3shzClyQ,rkonrad1,0
rQIFE1r_bE_fGiXzO4YL6w,urquattro-,0
2VWwBnyPOEQrQkS-SPBJFg,ti,0
DQsFP-Q2UpSDnVFYqxGvqg,nora1,0
h4vViEWlOsKPfP66PHympw,therealbu,0
T5LWysvXlPzM0vTiqwk-4A,Alexa_Ah,0
6zLhgHQWWPmcjjgzhFdgxw,Genussjun,0
hgUmct5G-gCQl6Suq8J5Og,iphi,0
vxkvmK0tlHloQt5o6-6S9Q,Cupcakering,0
39jAXqJ0HHMnTmk_H8dZjw,captain_mubb,0
ZKG2wNwuQonyXTPUK406gg,GourmetSchr,0
V6WcxY4iDXyCnLCLvzukbw,Alditu,0
G56jUBkR1pbSh2DRrpuD_A,Aja,0
phkBDZhTOWRMrCTsBC1TUg,Tabac,0
l8nQf9v289VDNhXyXs9-nw,HartamW,0
XaxAtvBYHhdQE7owTH8Cnw,jense,0
jrpUiOo4gZXKxbJnus2zXQ,Merli,0
Wpg14GTo6P4TYOwZePkcmg,B,0
lY_cDYOcVh9ydjmc1R8Caw,Hombre_,0
_Jae1POjBdrS1dvDuT1YyQ,Jul,0
bY1Gu6sXlBOTMlT-DRSDkg,OrgaQu,0
gDAG0joJ1aVGKQrXLpfPgw,mfoe,0
vdO-IFTv41TlekQmvBR8oQ,hal,0
xOs1VSFdS2MJhJgSmn2ZdQ,heik,0
199zgNsTXgxAeasn2qyyvA,Armi,0
mFF_RLtFBYisoN5CR0Rt7w,Puzz,0
fpv38I0uVuB6hwuFF9jvtg,indiebr,0
OGsm_aPhCApouwMjYrGPVQ,randy,0
VC12zNaSLPC3lwH8QXOVNA,bennyderne,0
KVwowIyRXG2Gat87-TuPEw,bo,0
hUTzm-3axv5L7XdjYd0SoA,Le_G,0
tE2eqwPKq7o3EUn11-uN-A,1,0
lYn0HRDonWPbZE8exWa8bg,Rosama,0
n132VXAD7lTJs_KSDDlf4w,Sternvertei,0
URwhLTWHHgM0RTu1TxrTBw,jimj,0
DhQpr5N4cYInxpGGtdSuyw,ANJO2,0
qLh5NyC_sELAMizjCeU3BQ,mary,0
zPZALSTtyUb-iWXQU6nldA,hartmut-w,0
EDBKCw2AhjdcJSl5GlTSDA,Astratoas,0
Q2IZCa2HVTJWaz46B9Je8g,sonjameye,0
eH4Mv_DvLNPyANcEB74jJg,El_Maes,0
WejVE1sFmeOPLkewPsykfQ,wanda,0
mjp8qaq3yZ2yDdlAyQwV5g,joak,0
WgYkeSLEnyZDKOGNXXSvrg,Schna,0
qhnUaPsVaL3wisCLoOLatg,Mr_,0
VpEVyAPinFs5y6MxuFqvkg,mom,0
Gj-X6jSgxdeBddMPZ_9pvQ,HeikoMül,0
YB0rge6wkS9pl6NlW9VuUQ,suz,0
9mb98ZB7nE98CT3hNiN_jg,goldwa,0
NHwboYYJrpHW2o5ddXFmQQ,Christine,0
JkLYw0nQP1NTDs_OE7qCsw,VernonHopk,0
JQ7QiORfFMZAkAIrttZAew,M,0
yy1B8-YKrbNnvIYy5GstuA,hdzimmerm,0
GqKH8Cn6fPvKE4F6UuFolw,alexanderpl,0
Xud6KPEFPihqRtSqEirYSQ,knob,0
_ysEHGpsbFS4zEo1sGe2fA,Dodo3,0
LBFDhiO0EgBJN7RuyAU9HA,AnonymousGastroTerror,0
7Z9jM-akJuIiMZQHPn046g,technoh,0
iwmvAqyfK8BO9sQu6U1img,JackCr,0
xV-yyGWn_wTE632Pxsr2sw,To,0
ZbZYsSK5y3zazSw4gOBQVQ,stativis,0
2eRYOCehSZ-r05u2SBT8oQ,F,0
aXdWSzVkfwgmWpKaLMEv6A,tobi,0
eg9P_njEHChm_5sNIfRPZQ,pha,0
iR70ukShrxtlisvKjm-pCg,GibB,0
oWb6EoZjHy_Ams1Wi-ktQw,space,0
BF1vpFB8sXLDaIO7kCsGSQ,TimHor,0
bsgCHhca5xIRsT5W0h_B6w,Helmut_Eberl,0
hSuCPrHujMvFNVUGYXvuWA,johndo,0
00h_XG6vD7l2CaGbc0CP5A,maxit,0
m_cFVbGgU4Kho4mnir9Gzg,mediu,0
DzFm6qtyBln9AIA-oiN7yg,ha,0
0boHj5PGxJxWpmc_z7tB_A,hnybar,0
fQ1-PW97MVdohkOAz2Y8SQ,dfm,0
pz-MxL8If4wLFSl-So2cjg,Ani,0
n1XOE7wkPsws_eYNKPz8fQ,eph,0
-OLjrdKoNRtZX4a2RN6uxQ,Ulri,0
dniPsqpmhVL8oK1crvniXw,snake_mir,0
0zL7833L9fjP9vEkxNrRHg,g,0
qvjuqmCsEdfwTmB4HGAFQg,dom-,0
H98dTK1FhO1SbsiFly4-6A,mu,0
51WA68w1lm1dv-ZiALGd4w,axe,0
lb5_WCiAfy4-E--MVRVFug,Mo1,0
hDpsDTOB1zyEe7moN7KAUw,prinzessin1,0
MrJ7jLdseLilN2fk4Tt5gQ,davegood,0
M3EQSE0UUL9IvxRv5bqdrw,smur,0
NQ14tXG_KDYnXVGDI4dsUg,Chiliha,0
zOcHbGLVh4tcVlS4dAjwmg,toz,0
kQPVjBim8Pmrz2lQPQOizg,Bi,0
718EiaRcttCRoCnTSXdViQ,Jow,0
7j0cIQ97iGGgovJtBYM9xw,Phoenix1,0
vrvWcBdoL3OohQtb5L3GqA,Conaisse,0
cX-b0WK-405mhxMLp1DT4w,samdickin,0
JCL0pSLc0jr2C_yVfnP-rg,Le-Gourm,0
g9exq-cdXqpx4_lJfi5fyA,maikae,0
7X8OaEZmrpzgjTa2WhR16A,kleiner,0
GIAnVSLamnffNDfkw9777Q,NaturalTa,0
YTkgE2diOii6C7hPI0pAWg,Pipim,0
imxUZ6YVIqssbV-hwiRGBA,alexda,0
zf_GuCZfW4PzaCZeQmnfLw,marathonm,0
yDMQb5i8O-0qiIgZ27oSdw,fotoha,0
6mzQSvbtTNxutPSETW9c0Q,meell,0
kC8KWeNfd6P-d_2xQuQlqA,doktordu,0
Ibu58bnSKgsYE-JrK8eoWQ,DonMauri,0
QlUyZsAm_qDgMBs5GGVWVg,ping,0
TI7Fojf_kGdJznEC_zsrtQ,maggie,0
8ufrHxnWz05Jt8i5tFq4uA,Jan,0
j0rsg8j7TnLjO6pH2jA64w,fl,0
a_vHCAZaZrRFvFo-eNHc5A,Jackst,0
fBMjXPLpc3z8KgcKabSgmw,Sol,0
FyiyH0q9uWXKFcWzQTE_uQ,T,0
2GKYOY83x_f7dAU5MMIMfA,bau,0
LMLeSSJ87so4euUHUIAbIQ,vstra,0
SGRj1vv2LWoHJqySGO4rjg,Mundtgere,0
ElTNAVWpRNCpSwPKldK03A,hungrig-in-stuttg,0
3S-svmklASGRHzuvr3saeQ,heilendeh,0
VuNScpvoXxcPDtuinaRhlg,gul,0
92f6lEVSja5HaHW6DyIwig,blade,0
TtVt5Jj4Ap7P4xZIuMCtTQ,derzornigemar,0
jO7Ne6y18QlXCLh3e1Z7Kg,matthiasheddi,0
vsYLmJ_wVSFuUVhCRnha9A,Herr_Ro,0
mwov5ggyKUsPsEaD3ULFHg,Locutus,0
rduNkcD3Rpal8FMwejmyqw,shitHappe,0
JcCkCBkToKLdyTDG_U-5Cw,MZ7,0
awDJ_NYIhNgKTABLdPEaxg,maqu,0
mPp_020JATUODBUnfZjfIQ,meiroR,0
I-0bgdPlmkT4kdll7vnasw,Michae,0
1ZYiH2PuqhVPyToDLG12pQ,nordic1,0
2fxfWf4aVsam01mf9dPP-g,T,0
hPXq5aM2BX3-nHTHsEGG7w,MrsDeep,0
BbL_Hue6ZYhS4PgZsQoDfA,August1,0
zVCRcZYODB99jkSyEb0Hrg,Androma,0
xvgX6OAYrmBYV1_YC0C_ow,Mühdiequ,0
24GGbOPR3yCCjAq4jU3o9Q,Ra,0
4alC2KiwKmzwsIQn5RtX9Q,Wi,0
UDE7Iq79IVdka5ggMaPWZw,DK,0
v6j-2usUhKTSolZVyoAcuA,r,0
xYY7PR-lrk6clKW3NK7bOA,jocheng,0
zrKBxMUd6UCmx1RS0_52wQ,Newside_Feinschmec,0
K_N7uNzVZOUUVxppci3S1A,Aliza,0
YLgg-Kz9RX3yTzGkaK3gOA,big_fl,0
OOZCJCutDwYMWZ3XfUiBhw,Sacha,0
Hzee0VUjP1-jaX4hYImGBA,Babb,0
wR8U8O5Sizu5DDwfYJAohQ,CL,0
ZDNa-kvbD3lm2VYtmL7XgQ,ol,0
z_H1K8mju84MOHSk50dseg,NikolausHerb,0
gYN8wtVomLQR7z95nEpLBA,Ra,0
V-PZ8p7Tci2Dp1j_ltZ7HA,N2,0
zrJGL706VFlg8BWV6_wT4A,Kolumb,0
PskHSkKEOPzdz3HqMCB0mg,j,0
-Q9UCK68D6OQKP9oaSlZuA,BrainP,0
XDkJSWObjStxgYPZNH_-Rw,luckyf,0
8BnCD6TVthA0-_H8Oea70Q,lightni,0
UmOC4OLvQiyp2XwjgUdNLA,marstra,0
3WCTeBOEjWF0Dh7F5HWYCA,all-you-can-f,0
tMJjh9Q7vySzumx3o1JeKQ,TheBewer,0
pcpz-0vU2BVHJ0M7J1tGGA,gour,0
ZPCMOpXdXn0LtSXWnwJVhw,AdrianS,0
a7M6OTmzb0x2iHM8ar4U8w,ramboco,0
aNKl2Nozk9xbxD1CfWYZgg,sch,0
-VRqrOp3JTxiSZtzNZYVUw,humme,0
1FFEweLZ3pRpOMrX8PmfCw,zettikow,0
xbqad2s46cPfbxN_OAcUUg,Futtergri,0
HDfjDZQzTCOzUmnIflZOIg,kiw,0
lD2OeF_iW2iMOG46AOW1rA,Rainoca,0
GgJHWm8LKuQ8VXIEgZcZ5w,,0
UMWWZwPMav3JjWnMoi9nhA,Matthias5,0
jwsakHpX4erCv10sQjEhWg,VärOnT,0
YDoOjWpWQqDeBZGeWfTOlw,Haza,0
lgm_gPKJ0Q3O8SM_GgcSsg,teddyba,0
B9g020jyjjYCycYAPSNtoQ,thomaspit,0
a82UcgCvcdrJnEEurp3kzQ,GCatterm,0
tIs-PRpLa_a4hNX7oS5AqQ,simao,0
e3NYLWZJqL0LiB8_BSThFQ,MoG,0
WYQGlVW1fT98gMzcSMDDOw,Blauaug,0
JsEnl0FcVb1lTtK-qFLWrw,USiegm,0
4TmVk6jhHyYPWDp_0J78Ig,,0
cUb1NSeCPFnEMaWypFr0Iw,dit,0
2iftGlPdUXPjd7WX5Bga5g,doktor_ber,0
K5JLs9sh6ESUIc16Gjab6g,PollyEst,0
0AnoV-Ri81d9RMqK-ri7eQ,infod,0
8yYd1MVNW0qB4cS02ttpMw,adas,0
kv6gVrB73eZp6gvt6rFa4Q,Schneck,0
LxzTZmG_jnMFS4g_450x0Q,Land,0
k3W7ZlQ1Myba5RpeY4GP9A,h,0
VdC_ZeF-bEbfTXcTrIgdsg,Klammer,0
-61V4ZkRsKUChYFZtdZDvQ,Sonnenschein1,0
7ieFGBmuwf3zAhJREFuSCw,h,0
Os1VYnhq2I3ly70bJN6A1w,lilam,0
43H2LCUrPfufePf_LKv1Fg,Cherry,0
f8gjI0pgZlfUBXa0hiX2jQ,tralfamador,0
lsnLsON4uygZlEQFTfVUyg,veru,0
L1bAu3W7OWw8fR7LJy4zjw,rapto,0
9L_P9TGNjGcT4Hhl06aQ9A,meisterman,0
N72u1KIrlcL8V6X79DdJyg,dant,0
SVkYOOKnFCbXs4mLeIGVpQ,caplink,0
o4MdIlV20xgI7NcLiSjWNQ,,0
BGqBENkPhulgDzdAz5dKvQ,surfmas,0
nVEfryfCK79n5K_JXbgdYA,Pira,0
Cwm8GpAuX6ehq-W6ReaAFg,Stuar,0
A7RCwvue1tlAJHcV9RwZFA,bh,0
bKsh8i_gYlQCuX5V_DpGew,Li,0
YLLQIZAUAr8CM2i1_r5Ntg,F,0
hHnWU0kWJcSeNsGaGYYN1A,frankundf,0
Q1PzouVfWbOfgdr3gLC_bg,Schlemmer-,0
174ShTgMM1Yokn0-eySHzA,,0
4EAWgtN42_NHjkUCPy1Bbw,cool_dude,0
uTdJHhq8nh_Odbjk9I_enQ,badischeku,0
b7pq3QvpDj2Rn2lRsVldDw,brod,0
yO7HQILHqpmiwpVzK-bnvQ,Derby1,0
StRNgEMbEBI0TjM7EQwDlA,olsen,0
WTiN6l6qjHxs6tmU6iZ7eQ,Eimsbushbi,0
h-9NEvcfLFBtnm9_PrlpYw,djmho,0
_i70ba4y-p1WMlusgsXKQw,zierfis,0
Qvhuel3dr6glr1luciwnmA,Petermaennc,0
91L9FAlLRd6PSVQ3QQRDvA,willansm,0
a7qGKJwiPNsAgn-H8OHhUA,mouseb,0
xURAfdGT_RUb9pu2PmHyQA,helge_muel,0
ziD8uyPsFV8Rf3fuuj2BWg,enemy2,0
0EoFWrwXLcY0HVmTqa13Bw,Amanda,0
8b-HIIhpxzwz1rgh4SRoUg,Hammoni,0
mp48WGIfNiNumRFYfP2auA,imip,0
ly5eOqEpqTy4aRFWxS8LYQ,Ccin,0
ba1ympA3KKePghhX8F1Ksg,crema,0
FSgQ64MiB5YULDdDe_EB4g,katroger,0
uFvWpY6r_dPadWYM2dEBjg,_ne,0
lFpMVG1yRGviyYPQyQv_2Q,dmj1,0
eGFRj_0LH2DGIwY9WF8jSw,jou,0
zAN1k6cVMi-MsJNJSGxp1g,ha,0
Ojrz3oTYpnw09ZMT9c0-1g,FrankBrack,0
XefUXlFtEOqIp_zSmI1udg,macint,0
NGydzR7GGcl9g9dCrcld8w,sm2,0
TBW-A0pziuUDCj2zdvdPow,Sena,0
o96BcJY7ZnhLXFCr4e2J4w,poiu7,0
4eK4xTTBPvjfsJaPyqoKbw,Andy_Frankf,0
2qg9EF-acYbpTkwbopdj9A,vol,0
C6798EBKkxAsgOpYRwVv1w,SirT,0
SFWY9-Y0CgjSsc-7anX4vA,vl,0
lvDYQP2_QyCRO_dispuwOg,Avid-Merr,0
budymDrT0QnQ3ZeF3qm1zg,gri,0
wT41tzWLm4_paohjdpN55Q,Tomodachi2,0
rHbaZBU2-RXNRcolELCEgQ,rockath,0
CRxii5XL-7YJTRkpA5Qpgw,B,0
g5KSG97oCB8qffDlwtacLA,Rando,0
cA5-Mm_Wn8Cs8_6y_Y4LYA,Pi,0
S26WE9bh_4DcftPyFnm-lQ,chefkritiker-stuttg,0
q8oqWAbtREGJawgG4LyTtw,vinop,0
kAjFB8bFAIDuUSwxFQqx8w,m3mitsu,0
sIYSICJxD0ro0cmNi5fMqw,BikerWiesba,0
zVYkdv2UgX2dXhGncS6oGA,fesse,0
Zm4xWfBH32Z_Smu6Wz0-mw,mic,0
bXFuTcztnIDyu98kcGxObA,derhuettenw,0
0rudMfIjBMSS9aUvMyROhw,stephanl,0
WqmvFLCHCoF5oZytWAK8dw,prof_de,0
XWoFkPKMxxOmq0jtaOTk_A,Lilli8,0
KfwFwbHFcFRb73xHCei94Q,Noraber,0
p58rxb7L8NlOXavQo1fZlQ,farnswo,0
ib5kWXTE-DtBL7q-Lpndcw,Frontschw,0
MUgdZasaq11uCWz9Z-3PJw,Gra,0
ral16BbzNC16dhhLw88ntA,Zuckerr,0
3llScQNytZUOsFrQ-seBHw,kentau,0
2cv_X05INUrpUF4MxkekkA,ra-poep,0
QxaeqaTalumrQ3tOeZ4AAg,lupus_cras,0
r5wfu_gY6g36lFav6XCFNA,orlan,0
emWvu7TvcVHE5ubIhdNbtw,martinwi,0
E1tdgFl62lhL9QseMbTHPQ,Linguali,0
SPTKBS7XVmY8PCYgLfVbzw,Doro,0
9FtFYTOaaKqOryVIJlNMBA,Qy,0
-YXkWWqYb45YCBgX9PYQEQ,lant,0
P12wI5Slh6TAlrVYvvfo1Q,Foodie4L,0
m-OVMX6s2UNeqqf2n8Mv3Q,Grenouille-blo,0
brrkMZNcUOWHUWlrod_xxg,sas,0
muz7wYbRbIvnwT6A5ztNkA,pinky,0
Pp7xmN6rNuG93Rb9VPqeHg,Erwi,0
rcGLUbEcACywBjwhaCLejA,besch,0
lmMM8GxtZl9Kn1l57FBAMA,Schlemmertöpfc,0
YoNbWnb9Z-ayX2ox6oCidg,Louish,0
kNm9F6Udme8qSpg3B8RyLA,audreyjea,0
6PVvTfeQf3-NJ1uNkMrdTw,ma,0
DAucmlC5M5HmcQVUPwG60A,columb,0
h27NmUyIkaUWA3tcL_sVmw,-heinoli,0
St3eNLZdGzhgoik9ZZa_6Q,no,0
h4qD-WpTHZm5BUIoZ9y6oQ,Poldi_,0
7B9o0gLWwYxRn2dbQ4ooKg,Wolfga,0
nRXDApRisJJ8Ew54ffPMBA,maerklin2,0
zxs7YgsUpveJ7j1qFBWq0Q,lu,0
kINOHgUybFM7ahJyII8bAw,joecriti,0
Udd96m3XtXW8lpyAHYlxfg,Schmackofat,0
DdKWr4Yucb2QqQDkf02uqw,Reisender,0
sbNilDc6iekNvu3_cj5n6Q,Git,0
hqk7CmjdvVOw_lJtdJFJVg,Madmax,0
f0jngIjZzqQtdvFbgcxOfQ,rbaixo,0
zd_fsWDh6XlReWngkWJyzA,stephansiebene,0
Hn9NaT9P27KQ5-LtUCgLdg,Lja,0
VODxIXVWCuoWVc5nW8seFQ,Sir_P,0
6uYSHilZubieGA-BwwKTkQ,Bil,0
FPgr4qqMqVWH1S6IVAPatA,Tschuts,0
3-cnl5hIzEQlOUGE1zWyqw,gib,0
grkUNSAqNH0qk_DtYQ8Ehg,Stephan,0
zEr5-S-G6kASGKeQr9aCkg,cany,0
xpv5ZNguuPlAUQC4lwnb2Q,Vie,0
QuX6rqmnPTJL3DEJehY8ZQ,Ju,0
y1dYktIYhhkHremqZvmwzA,Justin,0
OmM46or-H58r-Y_9HwJ1vA,rhabarber,0
qInA1sSVNz2hNdwexG3v4g,Sy,0
CtzEM6WIAcnouW-HPqZP2g,gr,0
dplNUNKS89pqAuG0yb9cTA,mahlz,0
8_SB33a5eZC7xq_iUEwsRA,,0
p0ah47kojJV3jzn1IPW-5g,madu,0
9pyoCejxM0V03XW62LbbIA,action3,0
tU9_QVI2Y6_-OK5amjcwoQ,iceman,0
-pJVgB2J1xWdXFef9n6raA,iDarl,0
Dfi2GadxcVbBNPg9ZMOmIw,Rue,0
_2l6EaILv9K7QMxQnzlzKg,B,0
tSTkTnVofREF5JBWkAn-0g,jamesdea,0
_QvMn7v46uV73lNHR783cA,KlausN,0
KwAKvmk3z5S1aMxv_jbNoQ,andybry,0
kYRBneA9U9x3qpfL2dfiXQ,tisc,0
2IdIlP0sTuRmEhAmEXse8A,Geniesser,0
m2r1-XjOY0xu3Om-EU0bjw,oweit,0
bKJ9xJdqJL9lRU0ztirS4g,Aranami,0
a2xNcf3Vf_DTlzB_JkmPIQ,LuettiB,0
uGX4hZ0zQFdsTDAvBdnlBQ,greg,0
uu93id4g9n3qlYa5AY1DRg,joergma,0
DSrXz1xLxrbmbQYxO3zWgg,koelnerj,0
efpdJuHx-eSnYyuN4iapTQ,middlema,0
NQALexXEX8N6ZW5qpD82Cw,thein,0
5i3pYogI1ng-2h0x6EZFZA,lastz,0
WLp33z3SLN3RChuIhMLrqw,Ca,0
GVioG33GywOvr0GCRhw33w,umeio,0
Bae554PB5n38qWIOY9ijpQ,Genevieve,0
b4jZPp2eVJN8-XlYzQIUKg,TheDud,0
uM5KmfL0ELmiUlmf_F93Mg,,0
2EB7H2HJhsshiCLIbIIopg,Jason,0
TbjHGF-ARsX2Q0g6BekpIg,fing,0
3jEWBKcc6U06dXx786PVgQ,twistere,0
1YFf_kdj26JXm055BwaJrQ,bä,0
Q8ZoLISfQ9AoCbbkYwmzHQ,Hessija,0
k8iZDIfjtxVllf4unT6KdQ,fae,0
NLKuHbxeiPv8XSfJWKIE4g,Elbschie,0
PEgUSrHxd6dReh-sTa65nw,Macaro,0
Hb7RlZGFXccZlHmmgWslfw,heller,0
hN7_f9ZT2Ji02mo18_LAvA,ADI_der_restauranttes,0
xdUszpCYqzcTsT245L6Fvg,SMartPh,0
hLBKxVTMZhIuLG5wqbE0eQ,a4tun8gy,0
kWeJ-a15n-ihS89W4r9QmA,hjrtw,0
A_bzKS_Z4jEfkV3kYJtiYw,,0
KiHEWG3csZK5fLppO3Hypg,marcomice,0
lCLQfEX9e_u4vrWI7HjKeQ,nebuka,0
FEcTkPic4BGx9gF8JSctgQ,BjörnOverme,0
a-g34kDTMRc6rW_Yi0rfRQ,brooklyn_bo,0
c7BYl1ozQek7EobqSXJGjQ,wbron,0
EjqKhVFevigwIvZ4LZvSWg,julienthiba,0
ZwzgtFXdYC4JJ8fNxRjDhQ,do,0
EzvrCyS_4SEzsve8g2r2kg,chef_luisepimen,0
AA5JJeGlIJ2-647EP9_mSw,Souri,0
agMmwAEyaAB6IGN3y_YqNw,da,0
b9iQTFis9Qmj_Uqn8sThCA,Kr,0
2XSfXylobBnDK8dbdDWrxA,Lolo,0
yH8hN41QDixwvd-tE8fFIA,13marvelg,0
C5j1hs5amofcoVLw7ydjJQ,fischeri,0
Wk0Qf-xYEZTxxDLyNcAdmg,Blindwo,0
bLiquxHE81sLkrOcmb21Yg,bob_blogmeis,0
rvVXoQeTEAz3GuueHrj2Bw,Ellivane,0
YA1LO40IvwCOBM5PqsTLYQ,knalle,0
dwhP27RkvJ05ETPryiYZvA,Silve,0
yE1GI-atpfbd0kqNqHs1fg,all,0
NSjoHO6vKhuTqBVes5I7vQ,MarcoSaxo,0
FMHoe47krPTaJW4YfKluRg,nobb,0
S0woXQnzIWli2vyk8mdyqw,,0
wH1eRH0S5xx1_NDBbf9FiA,xt,0
sf61zjyprf5uYeLpGp1mcA,berlinerrad,0
_zyMl31XxAPo6AiIzGoZ6Q,Silverdu,0
arNNSN2XbJKJS48U7LkCvA,gerdad,0
DmLFXd1Vc1F1cSD4BPgx9g,tim,0
2SVBtPezWBI8h8a0KyYvHQ,Kat,0
lBRkibGQywbygI2r_58gBw,HansUdoHeu,0
CGD17k4diK_pOJUKzGq3HQ,Läm,0
mA9kemMmSynRiAJfsHcNuQ,,0
Jdgc_xbxAwC4jqgrFd993g,Jdass,0
n3fz-PJmZS4izidI6fTGPw,nutzer_ber,0
y2yNyALv0C78lHKooVmQVw,tauchlo,0
KLdJrX3zAQYB5hPbMlNmiA,popey,0
BpiPWetAy-e7FYhMDEb4jg,addict,0
TCt4lSFg3MRfEdciUQQ6Fw,dolcea,0
QrALZ732fXpojuObX9YNig,Bo,0
78UoCWnVSvLxXMmBL1-Z7A,Pacha,0
MXTNs9vofEg2G7d29-qoow,HamBerli,0
OusmtyCbcxxJWvGMrBS2KQ,chri,0
jthOQmkuan-Iw1hj8XVyyA,-J,0
ja6Hy1fNOeqPEB7oj-VAjg,AndreasFeichtlba,0
p8StaBovVadBqofNsMk4cA,Kamerak,0
RwjK3heHw1hk9Qsd9oHMyg,DIR,0
yY1oPxer3TmuCy5_vEbllg,Erb,0
qSHJCNnKC-GCc2GyEFP8_g,_bonn,0
a8FroJJ3Fu1knyF-u9O3Bw,Knusper,0
b_NXC0Cez6iH2VrY90brJg,gerhardkn,0
b3liPq5ZdXBOS2KB48AR9g,Birgi,0
EyXm8mzz6tYVKpUuzy378Q,redmonkf,0
JYpBALMcLlhkBK5DtykHHg,chris10,0
ixk6g1yqnIpt4aqA3LLbOw,altlaen,0
hNf_k6MobPG0zPQ4NqvlNQ,Ehrliche_Mein,0
G8ya1UlANJpNpKe9hYhK1g,Tigerker,0
lcCow1p5pP5cZvC9ZUojSg,geme,0
QTUrCTziLv1OgGyPlEWE-Q,passenge,0
J8zTLwNb2Ye4KVlGiFpxbA,kaiwalsr,0
qkwTlauyj_0JF33VEr__Kg,vicd,0
M_l-GrfCGvWDPLfpABmVkg,jo,0
yqHNYMFvYcGCmKLPN53Ytg,,0
wH6XdyyGv_Oj8dPCaCFydA,stefa,0
7rYTA0wXJuJ_XKReVR_gOQ,Brainslug,0
IUpPS4meHLTW-baWvkPdYA,syee,0
nxi44Swhw2Ykh-UVNu04uw,MikeDüsseldor,0
XgQ818sPeMmFfakhhvcfhg,DDe,0
cp9msj_2yzgI3YhDvv9pfQ,alligatorba,0
icZKhBMy9z-DQC2fcTqOIA,janlal,0
hIw_C0AI7KXKAvX_WM63EA,steffko,0
fKI-wtnUUKmdBUxz5RFFwg,Lancas,0
SA5rx2OI_pZZnaCFfe5q-w,Robert,0
gzxbkVQ378olBxwK7gWlWA,Bonusm,0
8OU0r_Tpbod382HEagB0hg,gloeckch,0
aE9DdzRPOZdgv4RLyI6OZg,qf,0
XrWOPznN7McUsEEpj8sBAA,b,0
A73aHMu7jVNAE_eG-i7RtQ,Ran,0
f4D_uw0Nav14HZciAi7F1g,Genusswur,0
AZSh8Ce4QdmZp7g6ygdhpw,alber,0
W1GSOm3OOkPMMqDeGbHEFw,speckhas,0
ME7nUA99YfY-mGJDqfDqMg,tomwesselm,0
ciGWfaPscsRVaUJ1Ctujvg,FredA,0
QgI8-02BZiFPTqkavTe3sA,redhea,0
P9YI2tVaaU0VsVa5gUqiNg,A,0
PvQJSWFGYCt5av1xi3MHew,chris-,0
iz2J4Syh80jzSLOScrLbaQ,Hanso,0
yeSa681kbMDYy1zSJP0pIQ,DavidRie,0
ri23cLp6dB0iaPpBBZ_xAw,norbertblankenh,0
THIM0SJR33g2j02bw-PhaQ,dirtyharry1,0
CF3Qpgxm7jBFROQeGIvrmg,eXx,0
Z8fxOAKL3iTXFSlF4bYVAQ,dakot,0
fipJZmEurY7X2AQud6YXsg,Myself_2,0
2a-wV4JsvuqX5piNLIyHSg,pe,0
JBQ1HtDd3rYZAHwMz5uBmg,Matthia,0
LTxclPzrVNQLSGQqcCTBSQ,bassoo,0
AlEwIDsUBncJV8ikEN4GPA,lohengrin,0
60-uuWRPUkM_1O613ld6nw,,0
f9lGBcH_d4o2_OkauaZh-A,anwaltscheid,0
RL5wbNW9w5CDWO3d8xJSgQ,el_,0
PUpyFYH0Jhjd0Wd4VtlD5w,DirkVanR,0
LvunainqZux1hmfMMd-tDg,rei,0
uvgdMhau26mDZh6UA0zleg,othernonse,0
V0NEeJba3xLKdWea_-cstg,Sabin,0
1XCMfPpOU8Znvh6hqEP1UA,EE-,0
5cIAyu13pnTSIvnV7i5eFQ,W-O-,0
W2ad80hbfnR1lmVP3xUSCQ,wa,0
Z0NQHWcexhnIwDQItoe8-Q,Julien,0
8uf9cGow2NZ529OAp0KVuA,Benny,0
p2ruUwBRsCT63P75A_Bbpw,anne,0
3ggvFGowaiZxPQAshjSDaQ,HamburgLo,0
n23dbgusms3Xk_eITL6VTA,0u,0
5hdbmWV-HSwdybeQv8Maew,kinomen,0
hCtg2Ts_7Q2_nrKvDAJDDQ,LoCo,0
FhMrmugZ56-rTBLLPdce1Q,nini,0
Vbru0rCpbfVTO8Sy5Ui1qw,Kümme,0
gALWB3MbyRlv93uJzHGxVw,f,0
rPJuTYHuObcpO9RrrMyYgA,Däda,0
GejvXsTBer7n6lF5FhHjjA,jami,0
DJeet66PGrsCytEdc1wF-Q,kan,0
oTe2CKSnHuehB7hqSjOuwg,moa,0
D0sqHj6Oc0L3wA4iC_TfHw,ke,0
ak0_aSHZEPdRkpAAtyzrAw,WorldWideTes,0
oW_cAvN4_QZvs7gpe-vwCg,Estragone,0
5owxK7-q0_3AoAZg5YUsfg,spa,0
zRGMRSiYWeiYEniPR53l_A,DerR,0
quBxltFOK0NCcJBdexFdcw,Buffetfräse,0
QtZtkCanFbYGPjvPopWe1g,headspa,0
DhvLeOfX704BBMnqwI-qzQ,ouz,0
Uoo8LWYSuBVIm0TGsX4jLQ,Lilll,0
E1oF3CMmuFKg_AGQwTAz2A,Bel,0
3LeFfNZS5STYWrVlYF2QCg,s,0
6NUkJ0haPaDpv_yRSEHmsg,Spoonf,0
q8G3NrPu8FKNRqC2ejSE8A,rich_dy,0
BMSGoXR38uyEGlmzQM2NRw,Charliebrow,0
TH__3QtMMeIfRZKXBaM1Xw,FrauMül,0
OT2MDonIJ2VMItI7qTeG-g,renefisc,0
ACPO5w6BgLTAAj3rlur41g,nig,0
oKHfwT3qupEHY0K-Ul0rtQ,Sid_Edwa,0
PQzBKpwFB-MGyAauwK1Z8A,christophsomme,0
wa8RBmFiuYpvk29fuc440w,der_ju,0
xFpUKjummnU78MhV1WtFTg,paulchrismuel,0
g752GlcJEbrb09Rpcbxf_A,marble_g,0
4327RoxAMpSQPDnnxr9uGg,clownsp,0
BqCCx-F3wFx6rgrrly7ewA,Casterg,0
eSfbmPr5AA5PIukWpy7KHA,bluestr,0
nEZ-oEdyuxAokT-Mj_HT0A,macha,0
i6WFUGYJyLipDEVaTIGrrA,chinograp,0
LVsyrjJDEmbA-bc45eA6Yg,-Sand,0
ZI1AXENWqSADn7MbHrFeMg,mhgr,0
HWOD7jlxsvLaAFq5f44Rsg,nonixnarr,0
2LBWnvM5-qO1UfO7lSJiRQ,kakteenfr,0
uP-6tM9DNDHQNEJLgUPctw,Ger,0
eNKzpXukh57EbHFdYf7dWQ,che,0
6WVW1XYxiwC3Yb-qKQH33A,ChrisTi,0
OhxEvVydZatQBqclllq7sw,chali,0
oHj1ILeqv0gcKEVV71-BNg,lung,0
BzgMoLrtoRmheawNz7znqA,berlinga,0
OH7sSOG_vaOfPEm3Dbjd7Q,ol,0
VDeU0SKB2BUFQ7oISEvplw,flippe,0
ApXQmdSWkhm8wfcAa8lwmw,Nani1,0
mAd1OqY5Ccp_hRSOGwsLqQ,sh,0
YWHP1Dk82HbNuGl86IgIrQ,artfor,0
eGKas5fHL7x9_vDAwpyo8A,kni,0
NEKlnMXCPKPwRFW1G6QFKg,herm,0
aDkKeFZ0kZ0S9yzTfiwuqA,shakas,0
iNolVA_HjA2FqT7-6NXPgg,sock,0
Kqxq-HqdRzTbjgrNFXd89Q,dominicfussnec,0
liSzE32I2NdtjmUSUATGZw,Mar,0
u20sQ0fcqFDF9vP-1biXOA,ralph-wel,0
Z9UBsX6I_JM3FUmntEcU4g,verband,0
gEghrauT1241AOOfgnWilQ,Juen,0
zqtQnH1dworuCJW-O21trQ,DisloPartiz,0
ix92el4McrS3i1UkD6JsWA,Ma,0
uTkIQ0ipLBOPoZ0IvPzP1w,Foodzi,0
H30rrFoiITqQdMxpnlBAIQ,,0
cIe4UVnxJEF0081TSIAuIQ,tedding,0
DCno-UiakUaKIUy0uPQUmA,dannyH,0
ZfDu3nvAuB6tf5r9pDJpDg,sschme,0
PQw_RgUunQa-YTansuALsA,BerliN,0
cufjhN56nhk5fkEm1ORD0g,andreashop,0
0FYe74AnEXAU8zNlWVfvGw,hussel2,0
UR0J4bbb1nwnPCZnhwfTMA,el-to,0
vuUlGSh78g-dh7RnDduokQ,MN,0
Cmx4k0lV_Z7fadOT1EIPZg,danie,0
ivemwxLHiYhsjUKPFlLDyA,hhonol,0
srYrAPUd7DHkTrloXnQ2Jg,tigerma,0
VYE1bhIEkXnWoojU77uF4Q,bluesk,0
HK0zPlD9_H9qzaDUcC9JgA,m,0
gy_ChJc1pYiezlbqLj532g,capat,0
bbLpnhGdnFBm1oFy_vkueA,karyn,0
2O6n-QO0dfm3qXsJGjAglg,U,0
YX2IFYnddgZh4Gq3YWoTxA,Schleckerm,0
w7GwXOvXhE1pzEbi8fjhHQ,ev,0
lRTmIKUfXPp0W8lt4VHinQ,kraetzich,0
aPkQAybCgQmINWwphtEnIg,eleonorefa,0
cirqziA9WnMtIAudm6TW1A,dean,0
7Y0oK71hmZtT1ZUNZjAAgA,chocole,0
FO5u1th6SZnoDdvBBVvhrw,brot-w,0
MCVXdymqerujsgppp-rgFQ,Carste,0
TlPw3-NxLEcq-4RncidNLg,mightym,0
FmdW_6zACAksC70JxLQWVg,Nachtfl,0
aFTSeNsxeVGoEfqSGKbwrQ,Raimu,0
S_adGuaSNgo3CBWlx861Kg,mirco,0
kTsD9FPKYabxqAsirAhJig,jens-tarekeis,0
_Q-gaX0H5IYlSsajRuWgNg,Jannsem,0
Mo8kBnkV9sPG_s-1fBJL3Q,Carst,0
FngrjJnZcNKEQQLSqra1Dw,Con2,0
vHmsenyaIoUXIh_T-OFEHA,msteinbuc,0
NSVyw8gWNcaoR-SXO4v8aA,tak,0
UfpG0QjSYq69HD3FRTdfWQ,Hansil,0
qN_SznOcsN1drsW4qFSaqQ,Mr,0
rlQ1rx2udImoo0VNoSvd0Q,mall,0
qiA1Ggw2kvVgirBIcBXDRQ,drjones1,0
_eGyfKIBsp-0wX-oULuMeg,derwestf,0
cUjZCuC7FTjZtAkYZo9Pzw,m,0
T1xTYMbn0i4G1dWLRkaA4w,JoachimJö,0
vrDM3IW45cpLLIxGG4_nPQ,drivetohaw,0
PYoRetKkSCDFhIOjo7Ex5A,terramag,0
grlrmo9YIGqVeOewhfqYmw,by,0
pjPmzkCLE8BI6OrynYpipg,andreas_wi,0
8L2fzdxktfbZ7rL0WLNOLg,SongJi,0
KoQjiEEg66GsXTuiw9nEaw,wasserra,0
9jkRmo4MN3k4RiJjVAuUFA,wunner,0
DhSzojoEvyLkW2Hb_YU4zg,Sang,0
qsZkjf04tJe4aG1kYQOr5A,Fra,0
zYlOb7O1f7x0xGILVPmOgA,,0
QJhL9kLDFJQqbd1Hkh-NYA,mar,0
XD5tQZylE970yiNiv-cXgA,zol,0
QznVS45SSJdZTc8QrJHtsQ,schaenge,0
OJR7mTnsB2UpQYu0wd0M1A,milflov,0
qnzGn9trJh0kj7tUMVai8w,ManEa,0
BvD8fGykwQm-q-MHh95JUA,rainer-zuf,0
I2ZA4gXbcSNXl4Jt97jzDg,Berlin,0
f634u3C_6c-4LQb5-inDBw,steinrie,0
Gh5XZIWwwFK-_Mb-alWxgA,scha,0
qQE_saCRH8oLEht0GIuVow,manni,0
vGQJdjM26JZdWfhquutCQg,ice8,0
QXCOKWZJAR9ELS64J8MR5w,gnar,0
1Kuc6wZHTtjlXlku0NJsBw,ace,0
04OClSabnKoIls8WoCRxpg,Falkow,0
6O-S3dq8AIJp2lcyFWqLUA,akretsch,0
-UeGenjQ5ocMxTnANy83Bg,springfi,0
JE7L4mKpabw52CdmhZOEdQ,sternchen,0
NarQN61m-Zbpdduv6GAbAw,martinr,0
_TG-QleQMPfFUc4Qdfk_yw,hain,0
iZ91S6UpmNAaSyFi-7_mTQ,sterieb,0
AfQ_NbBUAKITfofYP5U15g,lione,0
gNHVBxiBndv_nJ2DZyVj-w,doo,0
Aug2FNrauGt6cgI5Em5qdQ,kar,0
Z21qIwwXdjDQA2d4p05m-g,stef,0
SyBMC6CE85-wvmStU5OVXQ,TJSt,0
FiPblVm60DQ3Cx6J0fwJxg,joe654,0
0VmU_XvABkm6b1gruUTMuQ,tg-ma,0
FkXLRs9tHbk3oudGuNNsyg,gl,0
lJVtaW1066Z1FPp2YXtP2Q,Barba,0
REM5tNLoRoMCu63JF4G-nA,o,0
xuiA6T0lkJtUnCn5r6O9eQ,Randy,0
2JSla_X6vc84G2L6K_xnFw,Jason,0
OXkPofloqWDMFSVFL7zaow,exc,0
nPAfLxUcNIdkb_l0wGpW6Q,freakinsta,0
VC51hYrTCCQS3Gkmj-GMoQ,entenkars,0
aAJuVIewuvtOwrkKvhpEpQ,ASchiem,0
jPDtZ9znVEc1dZhGzb_loA,talen,0
U9GyiqwXghLZ31-N83tl-g,tomto,0
RDQGtDaKmRnBVvvGxidlcg,wohlgera,0
yX3eAxe-IfDNZxS1T3H6XA,Mar,0
98CJ2bIM6kwL5byoLNOIUQ,Q142,0
Z2PqZnOdy4hn2tbN30iEBQ,frühermalbarchettafah,0
j-KzJRz-yWqaYDb03AXf6Q,gourme,0
K5EDpfTdVmaXMpN5ReE6uA,wuweihamb,0
qSOpHR1h0qrIOYWGk5OH6g,leonb,0
olLJ51h6HQGgJ9sS65yR3w,sola2,0
-XOQnANISpM70ao-XNK1pA,po,0
9s3kRyPg1OvPGk0eHRL0Pg,VMRo,0
mLL37lroT5KL9qPV0V_-GA,Gwyni,0
vb-LdMoaMkabftLp-bxIZQ,Mot,0
JFRxaI04GK5raXU4iJykPA,Roadrunne,0
dLQ1trqXmrN6BRv7kbaxmg,MiddleOfNowh,0
9Yeqhdks1qX1YlxfYDBfzQ,strandma,0
WYQoO5QuY0KRYnB-KYjdjA,Marr,0
OHq6lkpula8wAllpUvu-DA,FranticL,0
Vxap1bdxP6WMkMEq6_N8Ow,dada,0
09ROP5dy_HhHRnOY9qpt9g,julyst,0
X7TKi-wI2vjM5KaUGg4TfA,ar,0
-lfArh6lSfDddoa-KP5ZPQ,snek,0
NlldTaCW7QkLvTu4UWoy0w,MyVisi,0
oCmUIcQVFD6h_ANjz2VAHA,Beidou,0
YXCvTtidKB3DzK0Zp7j7BQ,jwre,0
jrOgTcq8HUZytThQGrqLQQ,jando,0
-d8nnc-pp6qj_6qnp4IN-g,Luke,0
CIH4As-re1-wJ7B_eimfag,X-Ba,0
0lfb9aNKDabGHsdlKpjCTg,Hey_Teac,0
hXJEuM4CApBD83etUy2S0Q,Leaf,0
stLAoIr5TZHjy2T6J_oMFA,Floria,0
rQr3AKQWa5T-nxeVLKEXyA,Patcath,0
8Z8fSsGbfcOR2MidlsArBA,wano,0
lJ8XqVLlFpFivI11Atq2cw,sun12,0
0ZpUainGm6gx2ipP81rbZA,Sambat,0
XLoKTggQgSB0X5M36safSQ,Lieblin,0
NKbJ02JQf7b9eoIE4f2Q1w,hey,0
G1pph8LJzbw_ma7spipMUA,julr,0
S5MgES4LTiN-A5qDDsozhQ,Stra,0
CgObiUGashnS9Uy_Q9DJXw,Fabrice,0
PJk65LoqsHEHhto43gg99g,tikich,0
5s3CCVmyQjanY3jOZxczLA,MissLun,0
6dVD1dYQ9HTgti9hg6AyPA,Th,0
XiCKFfPirFoXGCRqEmuK7Q,mau,0
VR23F7knPe3qei_AWO-uLA,superchek,0
O5V-LvXZjWTkfyAgPasGng,owl,0
T-1pavHb5dvYKWjTKSd2yw,l,0
8qhhzK9gOqpBw6dyuB_pVA,ill,0
jNfzeAdUBIsq7D7qWjFomg,Bra,0
9avQPEC9PFNgb4QH99Jl6w,caspare,0
hRLDNtXKjuXlTEs9QF5Arw,theinfredi,0
ZWxYojcF_f1xLpekzkg3JA,c,0
cUcEmzbta-aannIWbUA-ig,Nicol,0
qXFl3b-ko64ZUe1RlxDQQQ,stonecol,0
tSBVEVORjTw3NbOq_hVYmA,WrldVoy,0
5QZqTfk9TS_24qbKIh_D0A,MAOR,0
Yz6K2OyuPcgXgEoAnb4lkg,lil,0
SHZeltjmUF_mxXLIc9nU0A,ApfelG,0
vu_6-kwUEpi-vVkZcBCuwQ,Ocean,0
dxg2UhauOSZVLAWuJ-OhQg,actaru,0
v_ErgB5_fitgJsyqpzQc9Q,bdcins,0
V6uo_IjZFK7dpZlzD_59MA,andreasmirw,0
KdBfIfnXLlVe5z3O45VK6g,The-To,0
pC4W3SiNETSmSm9s-OOTJg,Schultenk,0
edRlzBuSOQHfe503Aefxxw,R,0
_wdRfZ4yFOzMmGCiI14Lxg,Plainpi,0
fnBE7tYIPmVh5-ZutNcrFQ,acschnei,0
_Ko3_i4xWgscdz_UCAEPkw,ankei,0
VlIyfnZGqW0R5GuGKaSxVA,borussiag,0
4RD6uzIKWdcwGag-f5h4TA,dgAl,0
GqEj6GK0a0l9FRyHDc9X8A,J,0
Unmh-4FCac3b9ckNKthKmA,gueri,0
takNoi3Lr14AWBFyjSJ7Vw,protosto,0
fPbYABJo0tz8fb8uvrBA2Q,southbeach,0
pmaE-Yag03rx72h4cSZIrw,d,0
Lcl2C0xOGGV5APriQ2Iapw,trimmt,0
sQr4ACBiYQhBXx-q7l4Ovw,Andreas_H,0
d9kPy0-NntlwxLs8vTNwTA,hotel-kn,0
yZ4mLab-ou44KmxIgxRaLQ,Peejay,0
e2Jklk7O-tECE0fsvLhkNQ,Man,0
GbXLD-WJ7K-OALiRslNdeQ,djool,0
M07Zw8LqvYaV1StpIhNGGA,cannes,0
7RM6w3OHu95ifgXXfl5aLw,Emma,0
c8YWCIaYe8rvQn9wX6MOlA,Geniesse,0
OVeL25VwexR8fiYfbVgZog,Undineeni,0
KJvQzbnMsaGkXyRBr1STRw,JP2,0
AuV4gzPAwpE3J0dcGhZQIg,reddra,0
aGWCGEa9sIwu2KP-VAGDvw,Laura_,0
t2Jq_lZDNYUIHN9cGyEJnw,blueso,0
rjkOSkD7OrS9LDPtsQBUBQ,Konnie-Neukö,0
Bcuiwbn0eclGmt4BmUfsBw,LaylaHe,0
p0zAnsooTTYupk76CU6sRQ,diechri,0
bARdgvUSJ2tIRJy5VFNbFA,nidd,0
fk0HSqOkKZHq9FsTqbWseA,st,0
OF9P-nuQS_I6RCd3BlWhNg,,0
g-Vj7XvhLzef2Pu-W_7zHQ,einz,0
SpWYqmKgkKyKhq_viz5EuA,eff,0
oVGHXm1G66DE3C7twLCikQ,CharlesDuche,0
iu-PVAYtbZvM1K_RbZyUdw,Ciec,0
uNH3fPxE3C6BywuMHAjF4g,va-pi,0
CyDIJcjHhIh0AyEUYz5fHg,MrN,0
-NUiNi5Lc58-7yjww6i3gg,Hellsp,0
hW62iR2tx8c_VOu3VLkfIA,Etzi,0
lEpANxfbKVeppM-y-dJhuA,Lezar,0
dvoCfwkmOocb0ZqOCZmlnA,code,0
mtnwIVBmIKscwzO_84ByDQ,Kreon,0
bJz3cdJAlywATMikLG5RhQ,zippe,0
UZ0kwHypKIKAvV6AXsyT2g,Hard,0
2W6WtaXgXxxNIU6DkMs4vA,u,0
MyvgWzrsN6mwE-BvW33YhQ,flo1,0
_8YXijtXs9GRUQkOPLlMfQ,021_spal,0
_WzF6MkHtHCzcv3fYcgpCw,Tobsen,0
lY61QXzDnng3eTbZlGddRQ,dodger2,0
ZRBjcIMypqMoKzdUhF6WCg,monac,0
ImeAnDzCAy7OpcTr9Kzr4A,calip,0
mtLucZlQogycAqrc9uqEIA,chaosb,0
wym6l8YdSbffEZIikMkUdA,Cule,0
Sg4KRm9o0ER90Z66ZEY5WQ,maitredecuisine1,0
N5ofW-nlv6Xoj7ytCz8Oew,nikkriv,0
zy6JaW18TCJarKDTAN7MTw,th,0
iRVf6f2WvoFj0SWj_fy55A,spam4,0
tZNhSAoWcv0yIVrpcnw_bw,wiwiro,0
SYri5AVQBcHRtFvrtTbxtA,Niclas,0
-wN_vzWOiHZphMQ76U-ciQ,dr_neo,0
-9TyYbKtEz-pxeZyLICOgA,svenher,0
cb_XC4rswn-fCXiuqfzHiw,wolfr,0
UJyuTxSRIOwy_p-qdC3U_w,arna,0
uBxhFWWIWvEze0boesDWvA,Stev,0
TUDZRR9S8IjB-ay7zVzlWA,Radeldu,0
3wcDUqLuNkMP55UkYDh2wA,XtraTerr,0
S0uJbpEpa15aINAcPWIuvw,musicafi,0
-hQK8Yu-Be8tZu-5K3j6RA,torstenbec,0
w6XYheV6euQ9TNe05CqnlQ,Bella1,0
zQQkZwnytzw3MHbSy-XvwA,Benne,0
oUEQVKK8ss6p70clvVNc1A,Calig,0
0b8Y35oMog_ZNkQxo2PvWQ,Chase,0
e27R59o1MzuMif4NdrzIbA,yggdrasil1,0
yLntFCIdP4ISSO93BcMIDg,r-a-,0
AVapb1-qpXgH1I5aNCqaWA,anna,0
szFyG9qCkpYMVwjy1ibjLg,Wu,0
2vN48_n2Mpf8YZqSyHooqw,O,0
uE3OrZUy4X9Mz46-tCX4tA,alosse,0
jaK9xfVRJXaJcxeh8ePzIw,p,0
6WNX8i2vXgHUJWoMdrTFWQ,Mirrd,0
zc1L-njf_ZriWHn7RDxHVw,MIAMIA,0
TYPpFQ-4RhW9EPXlaaOObQ,Family-,0
p0_Veb0t7JQ1v96ibqSPdg,Fritz-Rup,0
34kXAHG4RP2lG6v-p3qwbQ,fl,0
yaOEpCCxtOHxDP7QJWLGXg,MindSt,0
hKCViOlsIYZsEwps0eO6-g,jo,0
T6gwvKfkSYGk26W6-Ic0DA,Bobby,0
g0J7TH89r8hyqsaPwBLZfQ,za,0
hZEy3Px5e0PamEY-dQbYEA,mrsar,0
YB9WtNwY5A2hiGX5u8WzvQ,sunn,0
mC-4tFE-AWhQEKzKic1XeA,stilan,0
VBd3Q7nb13IF8ZXgtzyZUQ,bsav,0
8WOQw9fWpb26jiSPrevgrg,Coffeejunki,0
bBRiwko1Sk5UyAAr2DPtWg,to-s,0
KKg-DDdBQ-qoMDcgg4XNDg,Pitti,0
pulO2QKQkcxe6G6D9DrQzA,nasdaqbro,0
_ShF0HRQH13aQjrgJ73QZw,bodi_7,0
2ZpHPuHxMl6DJz5DuM5Zlw,opah,0
ujGp6je9hGgHsl-9MPhFmA,sauerlande,0
U5ID3qWRlCt42rvXTk0keA,Anja_,0
5f2Hb8Im_veJa-C_spmIig,dongu,0
gg6etNVSF0Ot6-hdbalGgQ,taoera,0
eUCVVtm2CIqNOkCxzCaxyg,beren,0
3B-abYvetBPxsZn1mGyPqw,20,0
